n,rho,L,S,k,alpha_PN,Delta_T,Ra,RL,Th,R,K,V_TEG,I,P_TEG,P_load,P_R,P_max,I_max,Q_h
49,0.0011183472510650383,0.06940358760006542,0.0001842647415606122,1.6021582970157935,0.07547326660883401,24.788738487211248,0.0009076529276701843,6.9744994977927215,364.9997860559048,41.28116807292353,0.4168615324544936,89.80900791878747,0.0009217319716573486,0.0827798339415744,-0.08277983394157441,5.925463825754037e-06,1.038673993383212,0.02266029712915368,507.5834342684461
52,0.001014501505662892,0.028593514636774252,0.0096917545875648,0.7638064994807585,0.06261333191993103,90.43954802643589,0.005180528691352359,7.804593101595097,385.30550656964357,0.3164604927543897,26.924742372409362,290.620485706461,0.23341284806151819,67.83455527376681,-67.8345552737668,0.4252063889227777,1317.2683252035258,8.9469642639764,126915.5709261816
69,0.003605061954629721,0.08625477902566403,0.006939847881685659,0.9010320258399835,0.07809883455784633,61.755553970317195,0.0022911645410113608,7.936983924387685,362.2493596287406,6.185658322567856,10.004285985956248,328.0545538632216,0.011093882796747206,3.6393987714977736,-3.6393987714977736,0.0009768382287330113,64.87006336116752,0.38985638561375974,42651.22546114474
72,0.005562980965419263,0.07132232161870622,0.001084222304177943,1.5281089436611572,0.03263174091903017,33.10910348075606,0.00239993334714418,8.251073417869957,405.0446621977963,52.69834532254374,3.3451043905379794,76.71129013111795,0.00028412849776082987,0.02179586362624972,-0.021795863626249717,6.661009326832652e-07,0.39870424256593684,0.01025086917086945,7974.515570993972
72,0.0004328884256384371,0.02605306143792855,0.002968781171613731,0.6949867684301705,0.09390657777774439,31.311103296058512,0.0053065747352270464,3.8851838340930023,308.00341490766135,0.5523465234434106,11.404032643437018,209.0243036036402,0.06735487157236208,14.078805124725605,-14.078805124725607,0.01762583084101525,281.7407393587795,2.66166114221913,25849.420772409198
14,0.009692721476076709,0.016287311560541147,0.005436828112992464,2.203707398733203,0.09937011830303098,50.35471059135052,0.005035482132073336,9.354333876957504,418.1938168680998,0.8180673447447947,20.597198759525337,67.29833517492109,0.24048094423444896,16.183967188271453,-16.183967188271453,0.5409712732527066,107.12006056113928,3.058277280422656,14659.900448825058
88,0.0032778726895976253,0.010871935371711626,0.007269063699198695,1.2910876595950913,0.024807944769033877,46.28324636264538,0.009286787801876145,4.748922590749045,330.57740193672254,0.8721324837860917,151.9287660166494,99.95962990245582,0.014088839103404594,1.408315142531571,-1.4083151425315708,0.0009426392288211772,33.25595450606311,0.6582670871927482,618804.7326887222
26,0.0022905005833194496,0.0902844692273196,0.003949787561049772,0.9661556489289753,0.05616147907551047,16.19924090605152,0.005084147852322357,2.237999645132604,495.2805200237449,2.7276165788104083,2.1979161979410624,22.77216514406028,0.012436067410317478,0.2831961808104157,-0.2831961808104157,0.0003461195642725122,1.9724065545037814,0.166770750744803,934.7073011661435
41,0.0014985126587663774,0.0220118688623226,0.002348131312483898,1.6708641494919574,0.08771285966383383,94.88281954309869,0.0020441040319947243,5.194786351529352,429.1217354455387,1.1539282616812103,14.615728138997213,333.7211374556777,0.15850508495462798,52.896497243567275,-52.896497243567275,0.1305130951891978,615.2431109117647,3.6061355421555152,57102.055099984784
92,0.0010628732779254214,0.08012727768262497,0.004603112808196866,1.993672743497198,0.0412928189798942,80.825872942132,0.0003680744913337473,6.4755697069356195,301.58390438254554,3.404670083327931,21.073803433359704,303.78266177815703,0.010439392161674962,3.171306338219649,-3.1713063382196487,0.0007057134710459727,75.24933627519748,0.4901397284621896,156716.3307342444
75,0.00984201818950505,0.09326470832537939,0.009723616824511604,1.7179772284415358,0.03183735939498174,54.68933158766762,0.0009333630144437471,3.262254718843914,307.8138422398664,14.160987780163463,26.86699918310281,128.85146071960202,0.001634379530992953,0.2105921899386601,-0.21059218993866005,8.714123228306316e-06,4.014089346916328,0.061477487723946136,110201.56687976274
93,0.0026773751831153064,0.07436608740673684,0.008354800518836275,1.6580224128494672,0.07579586882569635,39.42124530092005,0.004256590722288676,1.1573827800327556,353.946238593406,4.436881936798176,34.64690884864722,274.90137096061324,0.0072210210287138536,1.9850685805288562,-1.9850685805288562,6.034957776921187e-05,46.783944358841445,0.33671929750855234,127039.66470752882
93,0.005416522961620219,0.05417367515657902,0.009156427536659162,0.8401992780174254,0.09797660408895909,26.332868827375204,0.005219501666231522,4.622963499669979,452.787278303689,5.965898979122476,26.4139293428189,237.3817854278329,0.004611668299145145,1.094726054652012,-1.094726054652012,9.831880457949305e-05,25.941087508424285,0.21622936230188444,64705.59244713537
17,0.004534469101520226,0.052254847263508764,0.0067061199560402044,1.8727240991875007,0.055337303688201125,24.966061300772992,0.0065002568414238735,4.929212782079999,318.45286951556955,1.2078255721840288,8.171418457568077,22.372326109703003,0.05425893828105621,1.2138986615900378,-1.2138986615900378,0.014511762055050947,6.716155818249232,0.5719180599898004,3484.3629204324325
63,0.0010857339821970298,0.08944383604536138,0.004462594321037967,2.4536036062184,0.045318751187905515,31.64413560607182,0.0047649469703675805,7.736916663528572,432.41348267951605,2.7466988689429184,15.42452994433372,88.9738828641539,0.007932741862498538,0.7058068452655148,-0.705806845265515,0.00048687173594683016,11.79266200111942,0.2610538643866375,30759.830910144123
70,0.0035878854458852773,0.053956905394635095,0.006882410711400891,1.7171866143701966,0.04527395788952272,29.847546975991055,0.006616172538671078,0.8169862862809405,410.31511901575936,3.9445920528450253,30.66472557402648,93.24483082921853,0.004879483807890624,0.45498664220067225,-0.45498664220067225,1.9451922428203733e-05,8.101215168179712,0.17128724172147752,64075.0203999359
44,0.0047455668225033975,0.04731107366345078,0.006521123252855631,1.15675789874249,0.08150558131462295,73.87304837686531,0.00010709789987775835,6.737258067007713,387.306477532502,3.02988755859049,14.030874840983703,259.19547247105425,0.042991548827081706,11.14321481049784,-11.14321481049784,0.012452294002056816,131.61728047765354,0.9936120788325035,45665.744853818316
92,0.008427287284877434,0.025670075700441906,0.00038809014059094693,2.1053842797935554,0.07354549064926547,79.26703864493915,0.0002463311666945406,1.565098583462064,335.4674303772792,102.56547720508078,5.85672266356944,530.5066924842305,0.0006177142539858537,0.32770154578239913,-0.32770154578239913,5.971960744187775e-07,7.621211208453904,0.02841956869073851,42711.94598595661
51,0.009056012667674184,0.05277604977177545,0.009203361211439259,2.172728054963061,0.038702559379068635,42.713358827373554,0.008047063180078492,6.843036891398677,306.54388127367673,5.30501819784257,38.64694158493439,82.69659533670453,0.005959345617626635,0.4928175930124334,-0.4928175930124334,0.00024302224485616068,6.567954360924218,0.15580684595654876,84191.37584961127
93,0.0004718378998985888,0.08052831686091586,0.005470324326873964,1.3305598934116767,0.09771297905305189,24.345433643098293,0.006175651072139313,3.4856336600210227,402.4739663353667,1.29811258076107,16.811707549416294,218.92232263750375,0.01915194317774935,4.192787883494383,-4.192787883494383,0.001278519716829614,101.35615708048945,0.9162783270349418,38133.83714586757
86,0.0051323229409310205,0.06007864844725666,0.009912302344646517,1.3312165218705152,0.09024224382769824,68.02609059351542,0.00758180601464205,8.466351439082024,402.92186193626367,5.358003794164836,37.7773536959511,521.9110570723109,0.013082079615245351,6.827682000696831,-6.827682000696831,0.0014489382181348555,151.2189575631294,0.5728651275565194,221047.59725613406
42,0.0017517903791801467,0.024388037385463524,0.003892718626336518,2.373234216380224,0.07308352571861129,39.95478877442333,0.0038461933621625737,4.618075436072341,302.98000150088285,0.9257492647712557,31.81969762431937,120.03151225687762,0.06712798634447452,8.057473715686307,-8.057473715686307,0.020809817058472055,96.71026704464285,1.5771207950668822,53459.01188747962
30,0.007812605094129453,0.02294464291129504,0.008086026320604747,1.9443680476754723,0.0496699473343455,93.9024282693949,0.006049243495950439,2.4137139992590617,428.5151292572764,1.3361767522450814,41.113417030448815,135.52462858549626,0.10974674341928843,14.873386640366821,-14.873386640366821,0.029071610634046074,122.10639151812539,1.7453262298087442,115889.3259647068
82,0.008662839626464677,0.06845167268055416,0.004663967610559009,0.5658026691067031,0.028656638214032942,80.97948646910129,0.004744781497676941,7.648994624552155,372.27424961972866,20.856021974202406,6.322375713730511,187.97892044226407,0.0013508802151273288,0.2539370044864487,-0.2539370044864487,1.3958477083623134e-05,5.293256063508334,0.05563380805250513,41983.76473351136
77,0.0041728275651790004,0.05853012376723775,0.00828555971504737,1.3518918901888035,0.0698468231931018,98.89825503835435,0.007280630669562078,9.788679392395055,396.26147144814183,4.5467882591620175,29.471693558428598,525.1752821682306,0.019193927409605818,10.080176243256272,-10.080176243256272,0.003606216534790041,202.02102865273565,0.759627295140783,224472.6692176978
14,0.0014857285963826969,0.03931162897751339,0.005437270526369045,0.687788937206343,0.07785010596234011,89.86267558752876,0.0010668305664453754,6.373068214993223,391.81729586051813,0.30183897527631753,2.6636252220855203,95.15223141712954,0.6600567670219754,62.805874244117355,-62.805874244117355,2.7765860847247295,567.5051839879126,11.588660493801717,3631.9984515760484
25,0.000428901614135155,0.023231250539992112,0.008883921910680173,2.457095091316603,0.06436697922684484,10.478353627460809,0.0012631667719629844,1.4308378064005673,439.51808033655345,0.05734155734742644,46.98120077693347,16.523951261389563,0.23546482584899095,3.8908093061003077,-3.8908093061003077,0.0793309194968007,49.5818687767812,5.881074751631024,12473.636303058198
85,0.009827492102269417,0.024388306042863277,0.008813057948845468,1.6504249402698496,0.0546055102334123,15.43018093401869,0.0081509131059723,2.123300143641155,401.2490410705637,4.631393003487587,101.38873131463937,70.78064398640964,0.0021288291071160596,0.15067989513868812,-0.15067989513868812,9.622612303767041e-06,3.2573338719902303,0.09096322664276996,132981.9136595086
74,0.0037955784327542226,0.021647110368002622,0.0033502027520631887,1.787356174863922,0.020623740822527274,90.8373032066078,0.0011431878402484918,3.8586485364855703,374.010407756465,3.6308247552197046,40.93963629205704,136.78508876573042,0.006873879779430706,0.9402442557943886,-0.9402442557943885,0.00018232200468444276,17.882564073569643,0.257986149793815,275198.53272509505
84,0.004258746160927046,0.06210301487850052,0.004103806934563393,1.2289253688542139,0.0806257512422997,20.703904541881492,0.009648657073399512,5.016120658966149,339.2993691050196,10.836864632237983,13.642973266049967,138.55838012404294,0.0018237131054528192,0.25269073370253053,-0.25269073370253053,1.6683263630071704e-05,5.399676083090216,0.07701802661501578,23731.06580276906
52,0.0006008223390369485,0.018303415336623993,0.005492008838286093,1.835429777742956,0.054243228445256406,63.60252820211384,0.007155130679367015,0.29939842666205274,305.9762279182075,0.21540288089749962,57.27567358916817,176.04014679172087,0.29999147825487565,52.810543868253646,-52.81054386825365,0.026944327583077517,718.3426676673203,8.008264449826056,189688.04151770312
69,0.0037184114520077624,0.09194902501541173,0.006254759706384954,1.6436872762542682,0.08687033965446068,41.93390182645665,0.005287545348548824,4.868871303752027,345.2362091604043,7.54878988056285,15.42985272795628,247.74497237387513,0.006928984583024096,1.7166210941003113,-1.7166210941003113,0.00023375853956250186,30.323920525096366,0.24128452058792,44659.66722448255
87,0.0002646169399652859,0.017467457289057638,0.0038556251744273676,2.0493669501696044,0.02213367811206778,13.03944104633236,0.0088725683504519,4.801360288761535,424.36198886319,0.21746654999014176,78.71075779766792,24.87894575965015,0.012166915288086692,0.302700025514567,-0.302700025514567,0.0007107637413639416,8.330900096642338,0.6635751357941901,89301.89385021247
93,0.002384349120527277,0.08203406158965146,0.005467081590441391,2.3002042620165692,0.0968580445902987,17.458855533247313,0.008646968168564279,4.415241783701692,351.6281406590839,6.663239207665759,28.51285391028877,155.58677930050402,0.002709565972550482,0.42157264297136743,-0.4215726429713674,3.2415591473599394e-05,9.977930842914349,0.12689253342348839,46304.147137001775
54,0.007672625820068887,0.08894178692931146,0.0012971016752774272,1.3086130526176283,0.05420809370044237,78.92492316065608,0.007776725832761083,3.1557121892734252,435.73892838033396,56.82756417922719,2.0611195038440457,226.7579855680363,0.0013927690931781187,0.31582151393049085,-0.31582151393049085,6.121468640353468e-06,4.348418481339072,0.03764343670001062,8786.153233317755
34,0.009446822842411001,0.018411351079970564,0.006838902662813544,2.2906902278385672,0.01651153315772443,85.81616343469942,0.007993199356298808,9.57372176456482,487.51812363664703,1.737387091209769,57.85968152442839,46.957181321164356,0.020641836199108962,0.9692824452033335,-0.9692824452033336,0.004079223083539513,9.822800570508235,0.4077837446789391,168825.69697877415
24,0.007524992562823994,0.048367529229091495,0.002942480690673258,0.6301649628859693,0.035210237347525354,42.69015657239406,0.00783675611938319,6.693451823353064,351.31349485635957,5.945117617967551,1.840158401921122,34.63935682537648,0.010062712762069707,0.34856589799660237,-0.3485658979966023,0.0006777668039810313,2.2802591115471755,0.12641722518442683,1888.339760682597
24,0.003460097812550234,0.052589860655113944,0.0005254664451319706,1.8709547620369367,0.09123221863905519,32.20951629373303,0.0057400898154404386,7.897521177308072,454.7665545670426,16.627868958444292,0.8973202991422006,67.64357447691121,0.0072206103618461135,0.4884278947802943,-0.4884278947802944,0.0004117547516718846,3.11587147725567,0.08836206371700302,700.8335482990626
19,0.004946534475221828,0.06221773951869336,0.001249373537724724,0.9621401018632869,0.04006161537680734,54.42315433141865,0.007295825192118509,5.204392952856987,431.23168726077904,9.367957788853078,0.7341756692179842,39.306970009130325,0.011901375274470018,0.4678070009809982,-0.4678070009809982,0.0007371644436540502,2.410310639368086,0.11636898487161376,763.0608721039837
44,0.003455952656119805,0.07446197567962168,0.0011536511274445262,1.577737006790299,0.09730702925119163,23.705479530725533,0.00462578128163458,3.724853372160759,379.9170694789057,19.634183602280352,2.1510832782396685,99.19842400518283,0.002658636319482278,0.26373253289558174,-0.26373253289558174,2.632855645382253e-05,2.981025939213296,0.058742187524464425,2247.989801064817
37,0.0018769535830867716,0.01243620862994711,0.0032332303952607015,2.0460699523396464,0.049970926832915104,65.52464591662311,0.008041936198348141,3.775008468751924,441.26551115430925,0.542282178490846,39.36414755180975,118.39427640762733,0.13734911729032312,16.261349356814144,-16.26134935681414,0.07121470433826887,182.87762600676524,3.019025349463439,95546.77700640858
70,0.0017927673269630018,0.0758257605999844,0.002540694462703262,1.9931685764008253,0.0430341619996933,76.5556994717333,0.007460959085518577,2.8064955271404024,355.934700635375,7.498055652694932,9.349916512958087,227.33873809792425,0.006243500541077637,1.4193895343222973,-1.419389534322297,0.00010940084130368732,25.332097315251232,0.21969097894614198,50111.94204818528
14,0.004688164676106382,0.0790267154905833,0.00567155293055092,1.942860220284412,0.08107926523501689,73.35690150230916,0.008676286649608936,5.514936199073948,359.87579102988843,1.8377568393508683,3.9041603363219686,78.37026718669685,0.19036655917281398,14.919078105785562,-14.919078105785568,0.1998581269759074,67.3723294046797,1.6182020238938646,4086.8577335991413
62,0.008758272280685465,0.010878979203665498,0.00907290685093872,1.46578324516258,0.05204074664519532,93.88716746165875,0.009282148974608885,8.555956426653525,380.0983956930677,1.3114945360639922,151.58273677696633,298.5086244592579,0.054367791807477854,16.22925474733752,-16.229254747337524,0.025290181864626,282.1400402202002,1.862744434212727,882430.3314565677
37,0.009446785534083879,0.037745755063928625,0.00584305844064367,0.8880456312590514,0.016800990597324993,64.15421995326199,0.00023501370258349633,0.4881027775140505,384.7402577411352,4.516128219882261,10.172767399503181,38.80589939136679,0.00643169395125573,0.24958766838849222,-0.24958766838849222,2.0191194861581193e-05,2.379554763191621,0.11933390658265838,24148.69522281354
36,0.006121703371954729,0.03095789239728819,0.0060195736312814415,0.9111326452817259,0.08459568155836776,63.56776814919944,0.004856172112946373,7.537849979998968,410.45748006422,2.2716417127104096,12.755821948541222,188.66838931405516,0.06020759299473904,11.359269594793606,-11.359269594793606,0.027324361352670527,114.57054779124908,1.1836282635674957,29266.0415615657
79,0.006006888522321026,0.055308468514595734,0.002456630884021284,1.5709365136062348,0.0811416060715607,76.32867136746167,0.009179804475721176,7.8592625232108775,376.6762805647708,21.376909684129423,11.02462930270166,483.1163063669483,0.0036504201070838203,1.7635774788219751,-1.7635774788219751,0.00010472912899513297,35.4392712250254,0.14486263626454615,66486.93217848749
28,0.007858078028488697,0.09583492425974487,0.005850784014063192,1.3756285032491786,0.05634936230595944,75.32053399699872,0.0017823563594238515,4.0077676960252395,471.0967522436422,7.209771133440568,4.703048474478945,114.67775011759208,0.020615096339839344,2.364092866710184,-2.3640928667101835,0.001703229920926648,17.48965944967701,0.2943411088036726,9933.891488617817
40,0.005050260347520085,0.060203017079458465,0.0015441145252068592,2.4499796245530896,0.010871498528672354,35.12545677487218,0.0004883007727482047,7.463563556075229,426.58776423919426,15.752734911715406,5.027055862984736,14.897257922292825,0.0005989374951412285,0.008922526344450888,-0.008922526344450886,2.6773752188771933e-06,0.09256926580521367,0.012120636631895929,7063.216330244251
80,0.0005986635618996837,0.01877218198529409,0.0034227466915444367,1.1016478515096737,0.022272130661865508,81.75285339221286,0.004358441641523408,3.9539420405861785,482.78181400794466,0.5297012657404575,32.13829094097353,143.99940168169513,0.03930085324868808,5.659299353391189,-5.659299353391188,0.006107089117638056,125.17810011218351,1.7187142550871857,210225.5331241088
60,0.007021070939713261,0.06595106416804794,0.006292726913520836,0.6579398187701895,0.07407915190104872,91.39957821424974,0.004369407915326518,3.222333320917249,373.25498770564803,8.83450819709791,7.533286670557881,399.51830250928504,0.01269622038579178,5.072372416815313,-5.072372416815312,0.0005194208362725275,77.83756967788003,0.38320204629213905,41333.374077447195
33,0.009924724348997464,0.0876720354994315,0.0036769262477381907,1.9537559315921924,0.06317717949306119,80.14678588441896,0.005358831715387804,2.431276511388791,496.93368042509155,15.62383142818178,5.408017323780264,162.05409698884745,0.009774661646256356,1.5840239664555948,-1.5840239664555948,0.00023229390804334907,13.538142826805727,0.16204245101104295,14313.464033279044
39,0.002745899125026635,0.024186904816299187,0.009118840477982518,2.4508482688126465,0.07300400513643418,86.44446658397301,0.004759408804375491,8.057537669751792,442.26189146395086,0.5728529589369726,72.07262675257901,241.4828517586357,0.20760002518306064,50.131846106370084,-50.13184610637007,0.3472619089315956,677.8431733031915,5.508213044952618,243241.8373960193
5,0.006822997094711398,0.09931865709570903,0.008797076976241124,2.0641787544518513,0.04248410253707242,86.38493786467957,0.0070101388155735175,0.38790041299731226,453.64864970534876,0.7773238585259264,1.8283311440805814,15.012986993971339,0.8585728480957837,12.889743001838932,-12.88974300183893,0.28593975587539416,21.658928237325174,2.360654775772118,871.0046091200861
5,0.008656386282593822,0.017650096076334276,0.004398140206139151,0.9940904241108754,0.06664390374018511,32.285601410702455,0.005464041748002769,2.467067375326482,415.61611774456406,0.35285189752480683,2.477124795191487,9.861062943244411,0.5085020803872607,5.014371021469508,-5.014371021469508,0.6379203818577236,16.400465469425818,3.048925806694253,470.07238917003747
41,0.007533358031721473,0.01850121227354451,0.005224359791015667,0.5731219712594597,0.049134397277572614,84.43459252653908,0.0054691704623473,3.0834697156057738,475.8385118678776,2.1930775005793537,13.270699113847723,166.08326374178887,0.04460923171559244,7.4088467963393105,-7.408846796339311,0.006136054024100121,80.44183626150596,0.945849568032359,45983.42108288504
58,0.009648448701115366,0.0670247100730172,0.004799213081498118,1.3138438628258957,0.047242091815250305,74.70829910052927,0.006705411161124344,6.115544528533535,319.58443096911924,15.63747613134618,10.912816049655468,201.1980890516588,0.0038653140126005707,0.7776937929198343,-0.7776937929198342,9.137022513542883e-05,11.550406763927933,0.1128499348559694,47289.497658780805
10,0.0055870001073359595,0.09543677259716514,0.001925189698672673,2.255501576784515,0.04735293560546193,39.102893050414075,0.005271662197743408,4.3155937182116295,455.9645620584737,5.544520694246678,0.9099780478315341,16.79844593222325,0.030984136024500553,0.5204853337642232,-0.5204853337642231,0.004143041975961672,1.5459220650165295,0.1669789760659465,362.490994200752
43,0.0022026659390140552,0.09430718264105098,0.0044041303782971,1.363987568714573,0.012885005690564645,70.72145359240903,0.0007150949746796366,6.664309201598543,430.4183522784377,4.0570302582828255,5.478028152404275,38.30587587356856,0.005031268697193319,0.19272715420125827,-0.19272715420125827,0.00016869808860876467,2.2002488557901665,0.11230460139196584,16660.00451813483
22,0.0023021879214295054,0.05026404651464198,0.001956764162023103,1.068172270006434,0.01548955061034165,70.58714758508162,0.008131463105592754,1.516308103451429,468.1983054563749,2.610162128127445,1.8296794611052636,22.98875534304422,0.01855048380066942,0.42645253358869434,-0.4264525335886944,0.000521792625744288,2.5189764450434655,0.20944354053270367,2844.2906034832117
84,0.002265618799994041,0.0754926708818484,0.007180557556722353,2.3706037717688924,0.08643872473849108,82.21201787335514,0.002935890093333013,3.50019265598681,475.84146680084126,4.004619463294588,37.88101697281053,589.8962457946157,0.020907761454109747,12.333409989748713,-12.333409989748715,0.0015300549281532017,264.81669359863395,0.8872630780883884,261671.25003568685
9,0.005738777992289907,0.07680141801385146,0.005277763254299902,2.0445311661941385,0.07259729859468925,10.005451174009226,0.009026339316075811,5.34017110152336,392.975679975384,1.5122072878132145,2.5289888041748934,6.015642464483194,0.03833072928913234,0.23058396280631419,-0.23058396280631419,0.007846018663873041,0.7850285769687919,0.24016837252005488,237.56489487852906
47,0.004575879446830915,0.03762874503663514,0.003273596747069257,1.7219730158531845,0.030737053146890354,68.24888713986093,0.006458113671386587,6.263398657077546,492.4815981164311,4.950668945585576,14.08184764675207,96.55239316523874,0.008779305211775725,0.8476629285249996,-0.8476629285249994,0.0004827589675821131,10.444546442619869,0.21186729453042613,45176.54739761356
63,0.009705343162651396,0.020779421418780055,0.00013068545673542947,0.5053541420667906,0.020631403150729824,70.56002467974753,0.0076623003670068315,2.7690468585585797,462.7949845026766,194.44856643142168,0.4004609598028036,90.25697254425691,0.00011880754932753451,0.010723209717705729,-0.01072320971770573,3.9085743748615895e-08,0.17165276029834908,0.003743283743896187,1780.2330979958165
36,0.006837392442808518,0.049949080810722864,0.0060132991012888,2.3630100673761754,0.013663923624583192,61.96718831214682,0.0031938587960246784,2.6855842312112888,473.8174551146044,4.092387703533197,20.482519358466668,29.650180820184246,0.005644331892940874,0.16735546123482975,-0.16735546123482975,8.555863827977376e-05,1.576667705041888,0.1034499893053046,45694.10201649682
6,0.0009444261020011358,0.045259688731056194,0.006525875513588096,1.8476746864676208,0.053173643801943886,79.96400730126814,0.0016453729278154906,0.5592014391909217,302.5754523821878,0.08024527508724998,3.1969362578197016,23.54467104505461,4.085795705912303,96.19871585300184,-96.19871585300186,9.33515591247213,337.950997894708,26.493632407581224,1924.2393943301367
70,0.0006585414938682658,0.057866425936452366,0.00015137730983880556,0.948933876803421,0.06291704126404749,22.91757118649791,0.006549523901747112,8.244833878809057,489.5028729409728,35.249889275561024,0.34753464936719025,99.49630018165969,0.0005824147409738266,0.05794811189815542,-0.05794811189815543,2.79670479254299e-06,1.0321767022991475,0.02045262838615946,558.7806937674906
46,0.0049295932731537465,0.08608219136382159,0.00970519585854648,0.5495061582325815,0.0908160342526378,37.117803229149544,0.0034371025152843218,0.37666837200368053,350.9297230049224,4.026047072027672,5.699691913160013,151.69696805326345,0.01816459496419616,2.755513981984135,-2.755513981984135,0.00012428267486057167,32.457015940087935,0.4186354045462519,9758.361117807213
62,0.00882194516579658,0.05826470899310878,0.006672274072074005,0.5149366354898377,0.09282445789058308,78.02807796594966,0.004359331232449683,3.6702839976184216,426.0473643148196,9.556874669100953,7.31212777371175,441.8623448559761,0.012148534709023572,5.367980033093369,-5.367980033093369,0.0005416858210920601,85.08293624594238,0.37893737692569285,35403.923014974294
40,0.009766403427271121,0.07122431359414268,0.003002129584814994,2.354805103068097,0.04296198876816301,40.86287148255,0.008508429717216947,1.8810730682473136,391.31982619792876,18.54482701927563,7.940468314432928,68.47089934566183,0.0023606443986321757,0.16163544500964414,-0.1616354450096441,1.048254674153066e-05,1.6618955742430304,0.04733261258903817,12980.398857506854
16,0.006214813369349214,0.06482598234025493,0.002083606787217821,1.8863056060285355,0.09377555090032022,64.32844793370336,0.0003210824617949605,5.067499807002516,422.3583060893361,6.18776695489331,1.9401204376893677,90.78026816171021,0.05796418741256469,5.26200447708825,-5.26200447708825,0.01702602413756452,23.524014436091083,0.4874485163646253,2033.44515784096
51,0.005470737872602935,0.018863020302757376,0.009264451301930612,1.9102950812781596,0.059120140626712066,65.92533311821504,0.007963626179133716,9.808424454237905,416.20371642073724,1.1441186873134892,95.69937463957815,195.4366246346858,0.05718312831149308,11.17567758325035,-11.175677583250348,0.032072666810723446,169.28352288489864,1.70328262619479,321831.33488424413
87,0.008560674445076072,0.018282482705076153,0.0031615877675168244,1.6921299801623144,0.061668270596540974,36.87522963424045,0.009250491660314011,4.267754817523307,454.2577912298662,8.622899251420723,50.915854847378256,195.5795845056478,0.003014118270638724,0.5894999990224034,-0.5894999990224034,3.877216393555466e-05,13.043644542228565,0.13186003762129386,163352.78650833725
96,0.0074639619985669,0.015036924551450307,0.004091858527150748,1.5744713091005953,0.026077207452113386,51.48184537437881,0.005111877088782635,5.897718530913439,410.30970141665546,5.271453876711858,82.26167893121536,127.55322792987268,0.002622294449644706,0.3344821216347713,-0.3344821216347712,4.055523790744076e-05,8.205616322394048,0.12733704906118848,406561.0631707185
5,0.004838103623625627,0.01778792411794492,0.006367313867511537,1.4111571215381657,0.020427530800994444,71.63192401357185,0.0015273725587828739,5.9525922086410485,411.9874552314921,0.13668612540575187,5.051337215984097,7.165618126810467,0.22050305888889213,1.5800407157914012,-1.5800407157914014,0.28942455125619737,19.58080583004575,5.35264032753158,1818.44704687345
19,0.006803107582868146,0.03134559642748403,0.008917462813062042,1.7003864183655792,0.03199384652225096,79.62931393738785,0.004022721369538553,0.6642885785106464,418.35482203848403,0.9127345186818119,18.38213677542264,45.95165302247083,0.14148691906292554,6.501557811997967,-6.5015578119979685,0.013298092971413994,33.77753840382189,1.3956128516232116,27847.18993640288
58,0.006109746105052872,0.0855561670137697,0.004382802935261152,1.8081638629729626,0.02118600045018503,68.2496175326164,0.0015748512098042987,7.23926294662357,343.6826763663929,13.836618325451774,10.744752071890845,82.43130301997137,0.00178562888536287,0.14719171573056042,-0.14719171573056045,2.3082176464634216e-05,2.1909700410673594,0.05225035459391254,42533.61553974246
17,0.007175499668749836,0.05701334790441801,0.009289365237351856,1.2460795545194245,0.03009625026888233,44.716515941218894,0.0013151736690244062,7.786568423185762,436.69788793434526,1.4986591202882642,6.902941324346297,21.847823472807818,0.04045841209839196,0.8839282455157796,-0.8839282455157796,0.01274570233306032,5.136257225178761,0.44900118936337174,5256.502048612876
47,0.004748022112602593,0.0561767376854391,0.005961598560519711,1.8364679458985542,0.058583203998748445,12.841713826938655,0.009642738613256568,7.364250356194363,496.6119507297401,4.2153048044908115,18.319660427013996,34.63316379402072,0.0036611623899552954,0.12679763672783012,-0.1267976367278301,9.871122217794887e-05,1.5776152606225358,0.08923539052450218,11062.029180675163
89,0.0046145447698568865,0.0684848776171108,0.004374670783489105,1.413769294151216,0.08814294856696579,91.09071204573469,0.0031038705108896595,1.5527541011002433,485.2236419259932,12.861836745378525,16.074935496455222,706.5632236530862,0.00700454555934866,4.949154290638299,-4.949154290638299,7.618379693997362e-05,111.51938488965166,0.31212509168491975,130347.31585529786
80,0.009073539061895694,0.059013178964515696,0.005968524679698425,0.6701336186289775,0.08154890076148008,10.843765993346699,0.0027401338011670668,4.5934142134481055,346.99277722579143,14.356930845552863,10.844246283055297,69.86300103546799,0.0007668549808612347,0.053574790321962225,-0.05357479032196222,2.701233302836273e-06,1.0893435941263887,0.030796874568287627,9409.133155942833
73,0.0014584821589622267,0.01292187660861374,0.0036096099321421913,0.9663475023571746,0.01291206093047191,19.215095612738004,0.007733809762969928,4.031880587623618,495.5281940464176,0.7700221788243061,39.41130972046837,17.88027181824614,0.004118394296674891,0.0736380094792617,-0.07363800947926169,6.838541844838445e-05,1.458934746425713,0.16110346699060885,55284.24529172744
11,0.0023692712985571365,0.06221365446438795,0.0066044957645206015,0.6627434374754779,0.07287016687576023,80.4946766437648,0.0053303679264692354,3.919020763989657,466.0296359773604,0.4963326617334583,1.5478257594090512,61.10765857124523,0.6254249524146406,38.218254454091145,-38.21825445409115,1.5329499403189344,190.63107056398772,5.909001131575229,1603.072671647675
73,0.00882769545218475,0.07939801433529682,0.0065578586321411005,1.1440346715306235,0.014211260930085748,15.480300301937415,0.008742606668007512,0.7760983861815549,493.3303348537751,15.613168271967604,13.79572254432644,15.8397599535393,0.00019288678327656982,0.003055280345311224,-0.0030552803453112246,2.887498195081802e-08,0.05657125560235839,0.00704516159163875,15590.119431056757
52,0.009053807259323391,0.043860391684496854,0.008235013779445343,1.722654840395242,0.09982229375787831,89.72167054827588,0.009998552897645728,7.9240166621651,494.9406042893471,5.025019595921033,33.63747845191547,457.0309763718478,0.03326667942411921,15.203902977854467,-15.203902977854463,0.008769287049854899,207.51781458725026,0.8911629878207462,157021.88092845032
8,0.006493267525168803,0.05419222668106546,0.00408739092076452,1.2352523467724466,0.08057029152644805,90.82998722488672,0.0008948198699432559,0.14879835395560878,393.1463116500704,1.3783392872914482,1.490681460797727,51.324829308588605,0.6548423126302778,33.60966991979042,-33.60966991979043,0.06380748016214068,77.71095333607614,2.6547159387851256,1246.7662197196764
81,0.003314361423458007,0.09834757123636621,0.00047189401978889106,1.9524543661908424,0.030824360160467107,15.038329520019492,0.0015164763747611992,1.7163102046476357,425.3350898460866,111.90253655599473,1.5176678741815988,37.08383858405163,5.113125947472175e-05,0.001896143372959842,-0.0018961433729598417,4.48713117422633e-09,0.03888413400405136,0.0020712081227261176,1848.73264487683
57,0.005245140817216935,0.03201862728359594,0.00984785306739614,1.856118820424025,0.05410992384869665,95.58602741710783,0.009436720225140806,6.998590578243233,353.25794043854034,1.9535570966044904,65.08028964915455,289.94639938329084,0.04370168045692796,12.67114489548539,-12.67114489548539,0.013366166357672913,195.13331658086253,1.3237782180845747,354631.190445343
83,0.00010054803296358486,0.04368908769734987,0.004536614036127373,0.7893822789273555,0.07696911078575992,56.301621708291016,0.002191885428937976,2.3515706802265144,341.7279039928386,0.16293145859149652,13.60674722047585,355.9877581311143,0.2729775143368668,97.17665334898531,-97.17665334898531,0.17523134177769029,2391.596465767521,13.298493109143394,64180.235820691334
20,0.003187416184753672,0.014109367779008059,0.009382588730842387,0.8360850427359598,0.08558258717928828,10.062239984721161,0.0005448048325502796,8.485471706946667,389.6813633323417,0.19227196459867826,22.239528298841464,16.95449707602716,0.06983689451547634,1.1840494238614605,-1.1840494238614607,0.04138527333004461,19.28475851116381,2.2394126270794836,4522.161164115593
25,0.0043119702257265425,0.03790608759720548,0.006753206465760122,0.6288708904915119,0.030597165117924117,57.10282110181001,0.008617584420992114,6.056094066289559,350.1242857933918,1.218782873470353,5.601864018417841,42.22211651667279,0.047834431015959786,2.019670919864601,-2.019670919864601,0.013857147416160079,15.65421103002881,0.7167742852245875,8009.832142768238
63,0.008864842830134898,0.08483674598849235,0.002740299088244394,1.028665515903432,0.02205540016326945,44.253584030591334,0.0008283820231082137,7.557280486436247,470.52187136402404,34.58103798466362,4.186573211339862,60.517265286836,0.00044645831541983104,0.02701843631377582,-0.027018436313775818,1.5063551400851706e-06,0.43387968430069057,0.014112221051410072,11672.356443582685
28,0.006830806618427019,0.0826320552388391,0.005684237167305926,1.1967135061680367,0.09379689333104398,98.68238577255059,0.009622228447535122,2.3355076209612506,311.6927757368189,5.57041079154751,4.610009865542866,250.05128823586952,0.05846930735772967,14.620325627059307,-14.620325627059309,0.007984306256680458,107.66313113432575,0.8308275240675231,12785.546146620503
84,0.004615684744016334,0.06760217397694945,0.009573636453368988,0.6764964791446655,0.07036854903502607,33.45294290214109,0.007626763186084576,7.538671922623928,357.83067475980874,5.4831944363552285,16.09500410042941,195.42281854934447,0.005028624774819497,0.9827080269222889,-0.9827080269222889,0.00019063090294774328,21.223230909300575,0.21465908972398298,45238.35159932851
18,0.004885745304327652,0.04312921617833807,0.0012235105604876573,1.7044583537926916,0.08886564021320174,50.18920651202343,0.004103780972066712,8.376926065700346,335.5303474600056,6.204181982333723,1.7407044991851854,76.13284519982884,0.03715130504525487,2.828434555982009,-2.828434555982009,0.011561996425860234,14.428340830631626,0.359442709867601,1592.4247363495217
90,0.007908520332567162,0.03814779661961719,0.0027950706744300714,1.9287514806224908,0.03091448388713134,18.522750797315563,0.0007446729591964285,5.4659718086504085,319.71558198524156,19.429474341367772,25.43736446933507,50.965078348116954,0.00032644386796642756,0.016637237307171326,-0.016637237307171326,5.824845595390812e-07,0.3797138476250947,0.01473589225854091,42405.58696413659
53,0.002371474161263349,0.0821652535047819,0.0009123716791129648,0.8144442015759086,0.021582695257976788,88.8983567131165,0.007144983516243151,0.37126730458873924,401.95971799418425,22.64528105317877,0.9586295174199478,99.77123271005131,0.0015981277918445532,0.15944717982052334,-0.15944717982052337,9.482213141381261e-07,2.1539567894128466,0.04236348706311995,4517.424484381303
54,0.008814946270838545,0.01634024673497435,0.00767617877960277,1.184275025214433,0.04152926670336097,13.378091504599945,0.005741358708042206,3.36673158961957,470.95985459341864,2.032289635515861,60.08454781880099,29.462400408837393,0.004911860165493606,0.14471519094799093,-0.14471519094799093,8.122701298259013e-05,2.0504303231861383,0.1366887672818038,43411.281664155285
74,0.003205554685829494,0.07152156643290379,0.00031471836637576514,1.9544998126575628,0.03274299410081192,79.41170632411725,0.0015987179432522963,5.952309982995342,387.14253084720445,107.81675951851165,1.27286521789705,189.81486172872087,0.0003256574657410522,0.06181462683056349,-0.06181462683056348,6.312590508376055e-07,1.160088947103203,0.012058315624202846,7480.254573068494
46,0.009578763471023643,0.044265632049334695,0.0014587883701889714,1.8266358484013103,0.016547867618103146,35.04959263272788,0.006310676616034366,9.387124677921497,353.06056782856814,26.746941855471214,5.538159082216232,26.10421247267489,0.0004678343857657165,0.012212448208051615,-0.012212448208051613,2.0545507085159783e-06,0.14463511058361558,0.010842286607733873,8929.195705302962
40,0.004770340551838732,0.06705378606861323,0.002680223802236937,2.208920056186054,0.06800311928125653,22.521995620336476,0.006607280007985718,2.253291022804653,476.4313367930397,9.554150125361694,7.063464074371968,59.74004957308948,0.003984102698302588,0.2380104927008762,-0.23801049270087618,3.5766655848435635e-05,2.45515743690223,0.08015186774991657,6368.492453394969
69,0.007144679788902058,0.09341911805091624,0.008723717467140608,1.6092067779889487,0.03260907653529208,73.12966764285366,0.00945964760619945,0.5327852339294025,484.22533995557876,10.56780897822485,20.737517637696087,162.16072432063677,0.00326799096205127,0.5299397814795286,-0.5299397814795286,5.6900210555015e-06,9.282572383647068,0.11282806748683592,104643.9729551313
74,0.0016215736195771852,0.08685461057847745,0.0018761596917475397,0.5515129190591654,0.05052020223065731,66.20477287647763,0.004632568281924221,6.000258495470624,401.1597265533584,11.114821956257403,1.763170574321114,244.18575485061427,0.004037043197786052,0.9857884406159249,-0.9857884406159249,9.779051957097164e-05,18.619927206714195,0.15046028301296382,8644.090535731033
99,0.007331377548011265,0.05479101806820857,0.004389459455471283,0.6146412479112011,0.03594704980324518,13.202362207902514,0.005173634922984222,5.45598923504198,431.6250333183726,18.12479439165541,9.749639642277794,46.510863908506515,0.00026368661393607457,0.012264292215275663,-0.012264292215275661,3.793583707993422e-07,0.3075614561084204,0.013092175324936412,12743.514094614846
5,0.006498017929415381,0.048505094094832515,0.003318667301232673,0.6601221866808673,0.0929072987577118,44.93521747106266,0.009094529355005094,4.124285361226838,312.2997290345741,0.9588341160232137,0.4516486271468533,18.62985387766771,0.4681090204161667,8.720802649171354,-8.720802649171356,0.9037383808791961,22.72165164650653,2.1770239526112647,168.86012135126862
55,0.002227319293830724,0.08403035062247308,0.005875701459035112,1.5342745526565396,0.05051882476699697,60.011113492559744,0.002539382991635589,9.540275935551525,368.28106032176726,3.5064387006312874,11.801013653884326,163.8542150149221,0.014979124223013228,2.454392641172837,-2.4543926411728374,0.002140591422948198,36.04178528798817,0.4323034259884791,38965.864565769814
41,0.0019459363729444513,0.0764403922657454,0.009371034191395646,2.0102123575665445,0.08918710185082857,42.079590004995445,0.0027071305561779295,0.934452744856305,377.9259565284266,1.3043081282676152,20.207863806834855,150.18272023877924,0.0689741182403999,10.358720703414459,-10.358720703414457,0.004445592575399101,110.68550921499735,1.4386771799855764,34959.07522131743
39,0.008095044661701996,0.050242945644625274,0.009413738426541453,0.5645465764121593,0.013961472606387396,66.85466732852524,0.009308096634208266,9.515912281979604,401.0946030880934,3.379284178293235,8.250521761355813,35.531661035392624,0.006605355945793035,0.2346992684840334,-0.23469926848403339,0.0004151861725546365,2.5136558773904167,0.1381046335954752,21513.28931954143
53,0.007496086754378419,0.09720127369894924,0.0006198308576996438,1.4133751865171096,0.05822217277069212,51.63244646220015,0.003797144054649055,0.4463944435845314,469.7296782886614,124.60987661011941,0.9553545257369916,156.32017053768297,0.00045514882192604426,0.07114894146350473,-0.07114894146350474,9.247527385540786e-08,0.9609164682655905,0.012062259029039124,2615.0054894496416
98,0.006780988724694053,0.04268451320564018,0.006002490091591476,2.149595411229294,0.0507457446784048,68.16962679370155,0.00773915809117582,5.435549606739366,461.9132744897537,9.45896138029941,59.248030276361725,335.5740584399295,0.0037100680045784908,1.245002577384535,-1.245002577384535,7.481819111282693e-05,30.995862445053543,0.18285931916902604,395822.2951358083
8,0.002841248133089201,0.04577801424369706,0.008928829557135975,1.8372116955718265,0.03935059231131468,64.85830443807482,0.003464446095925385,9.461797065085838,301.95550352628,0.23653722980023076,5.733459735605278,19.99234431903792,0.2247834563336123,4.493948256245003,-4.493948256245002,0.47808191859241483,55.07623176992702,5.394949239283185,2996.2192557378085
47,0.0018315978556641248,0.07648143932921014,0.007831218215564775,1.591835192935809,0.037017051221315135,28.085550535407805,0.0022594673262563837,4.671363790469738,331.07423736709853,1.6837123681707709,15.321427442167405,47.88158617996761,0.01240539083611371,0.5939897904155592,-0.5939897904155591,0.0007188935595818868,7.5429197460312825,0.3087357087830631,20231.743519423395
82,0.007074295158095591,0.050417508493116076,0.0021941855874903935,1.6776234191996404,0.03401093422405749,40.40567802451338,0.003157309174012258,1.19145091331878,375.43219593041226,26.661616590342526,11.973753304689305,111.3137719775995,0.0006282377288093479,0.06993151129240875,-0.06993151129240874,4.7024499654516314e-07,1.452075850911528,0.02577178418483353,39672.88226307122
26,0.004685186979902319,0.0943555927525981,0.007673445030904197,2.2929599990440774,0.027957658012890914,37.2927538397597,0.005118960686685106,9.69001188583401,402.40348650596894,3.000882510041782,9.69666878100985,26.180633769324274,0.011886705135987233,0.3112014738892276,-0.31120147388922764,0.001369138204006348,2.354587584103889,0.1737185735732802,9405.473959050909
78,0.008420242472100782,0.0331510136924254,0.0019717203326668088,1.650155624892208,0.0543369189410816,98.23688176339317,0.002295632399764679,4.57073401415444,421.3978344346381,22.087462956785597,15.310804271171667,411.0316142859088,0.003090142174638891,1.270146126414792,-1.2701461264147922,4.3645841559329134e-05,25.15520914930347,0.12083527863398709,117324.19294751534
5,0.0021281710455864126,0.04435838265126536,0.008997719916957763,1.3436384405718893,0.04106239939316534,31.951342057128823,0.007327024796539819,8.174548638380037,328.8795638273394,0.11224496674041856,2.725456077370956,6.475705223466127,0.15018690364286152,0.9725661164162822,-0.9725661164162823,0.18438598580060575,19.169464999759114,5.844354570177016,445.5446257066961
15,0.0017330927940588975,0.07274274551455193,0.00018841952355842345,1.9059034215754023,0.039754047671172986,30.72750264962039,0.0008417222808729048,6.847623192215738,439.2581693479631,20.073590929542217,0.14810112490314287,17.128758748688572,0.003966672207081169,0.06794417127022137,-0.06794417127022138,0.00010774384767474005,0.278755494239656,0.030426609006746378,69.29830447884473
48,0.0013358472691518514,0.09073630941428291,0.0009933064969479388,1.2144148482242219,0.015958645521901016,15.172356969955684,0.005577820909566401,4.117309522152742,478.155841100323,11.720134954660653,1.2762638461462816,11.38188175762316,0.0004272757965236927,0.004863202593926923,-0.004863202593926924,7.51674991906289e-07,0.06002702143411737,0.010329670586215431,929.625120649075
63,0.007248598557787212,0.02089538916409769,0.006229909716194206,2.445823486704805,0.011247854167340565,95.35987935942761,0.005808901578830511,9.825841739145362,344.7435532829492,3.069135518987309,91.881260617651,66.55269961495983,0.005278997610070566,0.3513315422111171,-0.35133154221111723,0.0002738247473434865,5.903848882807963,0.17473878390419598,551993.8003713317
28,0.00040148435292184325,0.031739111784456694,0.0038861569843546646,2.244605019765391,0.0920491080249679,52.84028422539703,0.003225142122982171,6.6056969475406335,407.9771001410182,0.18684983388666596,15.390528314066852,134.03953920054738,0.4108894780211366,55.07543629630659,-55.07543629630659,1.1152408933627156,886.2878238245837,13.015534800217655,23202.329681740015
64,0.007495242977975085,0.030543724891033422,0.0010559724977117135,0.8133069827282107,0.04723825859315873,99.0128920673723,0.0005402316501181431,7.59896134235203,497.9529730150481,27.750673801295683,3.599109655249714,294.6833123223726,0.0026222730669183984,0.7727401131732602,-0.7727401131732603,5.225285974664854e-05,12.612979814381768,0.08427176639070776,22810.869930288598
7,0.0010167020346732842,0.05405583959509235,0.009850839751287178,1.8682514566109687,0.07093400853972577,77.47313003129092,0.005171869593026905,0.3145224157700654,428.82573594171754,0.08327907353284382,4.766438592546828,34.89878095193054,6.123261338248274,213.6943561549516,-213.69435615495158,11.792807065751818,634.619444126855,32.99436121291355,3877.783313026617
67,0.002252759877785161,0.09023704097425805,0.008976154427822647,0.5681415306099615,0.05071590685061768,13.082131823171107,0.0007318711229763847,6.130805652262126,318.65079876969406,3.0354211539573615,7.572979921707449,43.80857928037561,0.0031668708292760094,0.1387361117950469,-0.1387361117950469,6.148628424994421e-05,2.4290770344835004,0.10928832364603842,6641.166304708582
40,0.007517618728926074,0.04222967276036101,0.0027840225782926895,2.270414548769679,0.028057390361701164,81.59908486588692,0.008495823439308865,9.457380677767,454.6710035225574,9.13102468035387,11.974301390830782,89.34662357911077,0.0061101343732037385,0.5459198758604203,-0.5459198758604203,0.0003530794107737961,5.740445640756361,0.12536694716014304,39086.79244858501
99,0.0073437681890004365,0.04467136766949349,0.004784581472327983,2.189707167201014,0.093652766802985,91.78600967185463,0.009498761975211377,2.495930782548293,401.5747332805354,13.58542422338626,46.4371903512451,842.4252711135349,0.006379453838588809,5.374213129529458,-5.374213129529458,0.00010157797149911483,134.61585156708543,0.3163689855476634,421989.8808013205
72,0.0005515849077937757,0.09250543173971637,0.004849563314951076,1.5202559998678566,0.02103957850011358,76.21660770801627,0.0027230854658995916,2.577948863469721,322.4029406108813,1.5178166986608241,11.47663626470534,113.89009221466988,0.01433537039716871,1.632656656464993,-1.6326566564649931,0.0005297758242226998,30.494848407249037,0.5282473510470672,62986.1304986173
87,0.0021706545918603274,0.020243497635087506,0.005133064853412114,0.7553772830813419,0.05332377061415174,33.93374392740897,0.001103602994392575,8.516932241728927,403.0305894213143,1.4906319392243563,33.32762517514022,155.7263772880443,0.013092982323982129,2.0389227052101355,-2.038922705210136,0.0014600252117792467,47.774274251613036,0.6069490159341657,98415.47474299256
51,0.0029404589286759855,0.06680129874139518,0.009675867128332651,1.742946072475866,0.018255528684298132,23.089204306482998,0.002938585903018686,9.458667109641839,451.04792850893233,2.0736057641576497,25.75070429079651,21.109886148495523,0.0036585041384140965,0.07723060583572128,-0.07723060583572128,0.00012660097266699682,1.092422800894158,0.10163591334485088,30324.262537335708
25,0.006804906722850427,0.021953349889182447,0.0010895893043692158,0.9786740082994894,0.030634848458150905,27.465227978210397,0.0020467982443503965,3.7758182236299116,323.42837762989666,6.857404943324086,2.4286788514966453,20.2115664564866,0.004802172103550176,0.0970594206063904,-0.09705942060639043,8.707360378128759e-05,0.6452352871625974,0.061349235165130966,1668.7930013949901
86,0.0007240790677268299,0.04368201228742791,0.0004925395143138174,1.7617421341365105,0.07168734394369948,99.35980194351649,0.00018814958588299498,6.789976551400318,371.25119340530244,11.045449551086339,3.4167187357137005,605.4919780980155,0.007445228845944603,4.5080263413234025,-4.5080263413234025,0.00037637812735054517,98.75554213129249,0.32243324561661607,29212.68108128289
55,0.005600927503424438,0.0391964377268474,0.004888693968097832,1.8874914249722814,0.05737712853418262,55.001926210708,0.008923883856034183,9.164905406126504,316.47926934747375,4.948689970391857,25.895477566717624,170.51884356490868,0.011217105917014775,1.9127279291144534,-1.9127279291144539,0.0011531601560031374,27.672339020738484,0.3188573752549635,78347.74875009143
32,0.0001914767275167536,0.07121039838643857,0.004636764217149826,0.7125098198683986,0.05950490583486826,99.68867798115463,0.007911251753669718,1.041722023460413,330.2994120264094,0.19611331211661417,2.9692203269125512,184.7354216204225,0.8106714874019961,149.75973902086278,-149.75973902086278,0.6846074845084932,1435.42375906685,15.123821356257057,9979.727927337137
19,0.00834707716534297,0.08159812715252324,0.002429102155254335,1.45389178340431,0.08490149749440096,69.27436633509225,0.003098494018697442,4.900925944951519,310.4994376710946,10.658073531531711,1.6446794545046277,106.00593261784874,0.028357641506709483,3.0060782347613566,-3.006078234761356,0.003941108179965668,15.416675176199687,0.2759174733794409,2178.870638750503
46,0.009844861400046409,0.0553540250691492,0.0006828158046804098,1.6711867622703511,0.015470034067308848,93.73855462329973,0.006483786888914969,7.829806362574176,345.2286205502827,73.43133495826585,1.8965625604124547,65.2595921396915,0.0004283164375963762,0.02795175602426514,-0.02795175602426514,1.436416896952127e-06,0.3293331608376849,0.009874113239715127,8178.032441194973
63,0.007064598362933552,0.036661814953402844,0.0013260597334258954,1.0072514155047632,0.09143440370929612,67.90772007643235,0.009707061933315282,6.520119248210862,390.8464623469285,24.619552993488032,4.590474276834846,384.9903094564071,0.003986449287422337,1.534744344796999,-1.534744344796999,0.00010361628711224372,24.663685183699926,0.12610102819674918,19647.86730346134
70,0.0018981488848712827,0.08973660421019063,0.008581876945989518,0.9020205717318777,0.06861048063121913,32.19193480829205,0.007876994821042748,1.352469676876269,458.28418724993486,2.7866025673268675,12.076946151997362,152.41579292434417,0.011245108888303596,1.7139321877313827,-1.713932187731383,0.00017102313652899817,30.63642589131404,0.39630770199220705,27239.356766070567
41,0.005172695286629447,0.04166835048345301,0.0040567069838043325,1.7757114990337524,0.06768165933849253,38.35198907162864,0.007514832954447237,8.614263037210453,437.2601814850057,4.364272627551361,14.175996284312346,103.94827370146162,0.01384022393608133,1.4386673857973022,-1.4386673857973025,0.001650077578398729,15.82449189802919,0.2973836055649814,22307.560071673597
15,0.005846426658162489,0.07645513039242514,0.0038758318189657877,2.0214871302092234,0.012718738019911784,91.26809700354717,0.006115478651679327,6.2189237365638075,417.50769148781865,3.465935202709029,3.074330303544024,16.37543141550602,0.019942550457834822,0.32656786727254233,-0.32656786727254233,0.0024732990470146864,1.4579306389383717,0.16746057665138994,4210.402282596977
91,0.007896667343954757,0.05998251367235574,0.00031753899137992533,1.2182213095652743,0.09190653551183717,92.98844950807721,0.003762412885306428,9.511534993601334,497.3187530162507,271.4868825981867,1.173734795134483,769.1654503572072,0.00034579442536376116,0.26597312491592906,-0.265973124915929,1.1373302366606053e-06,6.12044998997404,0.015739703802841957,9933.520658298426
48,0.0061041070546788995,0.02813659419908965,0.0038100517785834083,1.9177951147059884,0.012518379204342336,67.40562691771635,0.005887933930638752,6.057845489579377,392.73893736166855,4.333357517055074,24.93060350730478,39.68291202250363,0.003941946722145389,0.15642792497229202,-0.15642792497229202,9.413252158232282e-05,1.9717199707706892,0.0973620564356119,80663.15066795793
16,0.0022621882626380355,0.059366718665182935,0.006649912154625488,1.6747506160478238,0.026690317293485873,18.81063986710833,0.0016570860616197348,8.164392710737603,483.0289605173382,0.6479149783547534,6.0030641965216684,7.752127392456113,0.027093037056627144,0.21002867471150785,-0.21002867471150782,0.0059929308738604,1.5561683652398186,0.3874443123860935,1812.328474470468
7,0.00460617127041404,0.056767854650459235,0.006291046182377835,2.119186763711908,0.09063200728770889,33.48199479845885,0.00047386456193463495,9.875095019248592,367.32802601625735,0.5823730193782065,3.287892881342596,20.3551069075434,0.21750317580449113,4.427300396230624,-4.427300396230624,0.46716735605036025,27.670859476883944,2.6053236461923497,821.1873763571214
56,0.00880081044359696,0.041390439775353956,0.009148513055360834,0.908144123060658,0.021405490411827984,26.013671437815216,0.003988250137824041,7.895770925275717,385.29624122802056,4.463529838240365,22.48139575319704,30.642997644091658,0.0021595034392691208,0.06617365880193149,-0.0661736588019315,3.682157322319071e-05,0.9725305643447136,0.06237612547899035,32751.120784864077
85,0.004973455590901072,0.012215796135081013,0.006750763577154207,2.0927935307186463,0.04581893417103934,65.8048222319861,0.0016258855320229698,4.964662695542189,379.45360845989495,1.5315716778062936,196.61037328448907,253.37973247082965,0.022309624427551224,5.6528066689776155,-5.6528066689776155,0.0024710086505656793,126.13250276253954,0.9843178943811909,1099755.3436426334
37,0.007184055458844495,0.023394637309885773,0.0033084186458255172,1.0328158044419717,0.07840442812262864,23.89506397439989,0.0016121491878505884,5.9258778444882685,419.36390272653273,3.7608279105764244,10.808333528298158,67.52176291521621,0.012913729582735805,0.871957787236701,-0.871957787236701,0.000988225532755635,8.632882891335393,0.24907797836185755,9571.534099215361
59,0.004912979647080857,0.021866683434665732,0.0032305778644511353,1.0965288417782002,0.0606652697738383,49.676274970709336,0.004850318865162386,5.7751428010917785,486.41134589937985,3.928856447244658,19.11610300293971,174.86348461822251,0.012684797279187221,2.218107853914425,-2.2181078539144257,0.0009292440509098694,34.096057958265,0.3835243999015203,56049.45599350579
5,0.007114626685198031,0.07371257164078913,0.008349826495422813,2.456344347175124,0.07574302469835431,59.719631443889206,0.0018516613038012074,0.5896209260035504,453.5555187240267,0.6299334897317509,2.782435703352342,18.806635217512557,1.2096808446445695,22.750026374842896,-22.750026374842896,0.8628086605842457,40.600823383891026,3.590335799861447,1036.310539418405
43,0.005031588232523954,0.07381649022086173,0.007780451866337646,0.5920271534852235,0.02735614900151398,30.508364234859922,0.0020788028968371577,3.914386434547668,466.7891201933121,4.107447017368544,5.36650460002661,35.070932799552224,0.004622888465588376,0.16212901071647504,-0.16212901071647504,8.365473518376508e-05,1.822989892356674,0.10159490241410017,7042.637409333493
24,0.00846104578677223,0.06505735729896622,0.002883414363699597,0.8795072330521561,0.04708471990902041,30.444093277762324,0.005793875541424374,4.280533913537537,458.4210579498741,9.169151635888102,1.871075415822762,32.99673795711472,0.006389634030238043,0.21083707973762753,-0.21083707973762753,0.00017476316892667352,1.3445847021145547,0.07816707923429872,1370.422204333371
51,0.002023988007135534,0.07047163146519604,0.007167879227522822,1.5417495903031442,0.05485492879663537,34.025122165100875,0.004624921975855845,1.3833527679862163,490.38007573013635,2.0343244613985902,15.995225490402069,93.34684139119938,0.01775303349680447,1.6571896020388568,-1.6571896020388566,0.00043599156625855225,21.83336430019262,0.4587384385036235,27780.553393395458
47,0.0077559274951446424,0.050276428368492235,0.0056596150807948185,1.2519885417696748,0.03192611721948088,90.73517336851741,0.0072093784940971935,0.5089328343010049,322.84249228765157,6.483690692501254,13.248011153945054,133.25863181281198,0.009490234072070057,1.2646556080273872,-1.264655608027387,4.5836803008055835e-05,15.207545784002418,0.22339296538648434,56501.431345139266
61,0.009745160772186606,0.07264694520694047,0.004056634142897026,0.9841994165717118,0.09981257719919882,60.81644889932843,0.004684195495433891,0.14700029281641996,462.8794922487781,21.295894730346,6.704886314599364,364.21547687535735,0.004672307947537008,1.7017268672207135,-1.7017268672207133,3.2090842411403697e-06,26.38679280478348,0.14252151829280582,24886.96359102105
65,0.008636866795767802,0.04404935303606542,0.005355515292305131,1.8691054782946475,0.07040040169350154,21.32300435356132,0.0031423349942682984,3.6323703039961783,434.45456492605854,9.238162421792335,29.541931870975137,96.08250259935198,0.002484879900629321,0.2387534795112942,-0.23875347951129422,2.2428535823311305e-05,3.963828329390939,0.08124711405061846,40949.916498143655
82,0.007826223845929733,0.019002884436046513,0.0009438072969157486,1.838473927540671,0.08954014930025903,28.451027218827004,0.006395091080380927,2.501066960904366,306.5475778891292,25.84876329414172,14.97494123431983,206.35124966519984,0.0012004663477606112,0.24771773104142047,-0.2477177310414205,3.60433624837817e-06,5.146898717459196,0.049277197441334894,34939.00221057756
35,0.009851819560944036,0.0964231105937416,0.006690209536883121,2.4274819900973723,0.045367009737171296,94.31602179820587,0.004878014999929655,5.598316289852978,379.7695053557546,9.944180473110107,11.789968341128047,145.54815534095155,0.012099252984057026,1.7610239528330034,-1.7610239528330036,0.0008195482859585783,16.109806097128452,0.21514271039533098,38926.67244552276
29,0.0075603391060544145,0.016519100271921758,0.0003933846994899821,2.257200749836959,0.09323558347072892,43.57952955808323,0.009778071861018974,9.246953346564702,363.69009651882664,18.423356426038538,3.1176636133144986,113.83768664037612,0.0074755865427060635,0.8510034783015854,-0.8510034783015855,0.0005167603855753245,6.496773316679387,0.11027205824409719,3947.4593347367154
7,0.0001400762530474208,0.01173705458059639,0.00890394442917892,2.4948722551158884,0.032646408060281996,41.53483152251094,0.00255289658533639,0.48656787363176845,320.6386263161173,0.005137948296694011,26.49718059234991,9.398411364332679,2.5949781750171534,24.38867237027649,-24.388672370276492,3.276505111113714,626.2446588980216,131.95569323570695,7893.914588385622
8,0.0027678463961853654,0.09816159266780407,0.006852977691478691,1.2257759934860686,0.024209548323454212,52.2994328203005,0.006783072898126031,4.4091349775416555,361.9705018650378,0.6411262101238302,1.3692060708978835,9.448312287536721,0.13274548578162823,1.2542208044255891,-1.2542208044255891,0.07769497234411336,5.000964777156189,0.9874386869223165,582.1305580160773
99,0.004163872167135124,0.023363027895247468,0.008924012067831928,0.5904689801694518,0.08081740245837689,45.47447864124659,0.009874967467135452,6.709692664639499,322.47821779129004,2.1682731015138104,44.65738606361593,360.274058984267,0.01660184456347653,5.981213927509576,-5.981213927509576,0.0018493338317709432,154.172336341502,0.8474784009838627,201089.1687479938
18,0.0043394159379524415,0.033283208986435116,0.00011195496019480226,1.150593615299004,0.09757149694816097,40.445325270770994,0.009267334370006517,0.9336542182158809,300.77200525624835,46.45177191355686,0.13932934917221942,67.09168750503656,0.004714458667581323,0.31630098768077713,-0.3163009876807772,2.0751511185852374e-05,1.5086650510764037,0.0424775069782934,103.91505808469005
45,0.0030486340036950574,0.029397593040809036,0.009378466372951953,1.4938294972158372,0.015583223846941937,42.98319425023182,0.0026004138157787746,6.158500647939638,477.5199274851127,0.862658427421591,42.8907452334717,29.5636491809714,0.014892053969707816,0.44026345914453435,-0.44026345914453435,0.0013657908358385505,5.850939998478807,0.38822824675808965,82966.13795206178
77,0.0040712101814304145,0.06219211585586552,0.009587242859523148,0.8443914148385709,0.019000240929593563,87.98128025404525,0.007222744312393824,3.75407950815185,331.368602980303,4.074332085757901,20.04577846366513,127.0663466325947,0.005265458911938525,0.6690626272840657,-0.6690626272840656,0.0001040820704232224,13.203013895605373,0.20514595851972528,135803.84881213662
24,0.0012945042127425854,0.0978176516625937,0.007983562187958424,0.6701521500673824,0.03861080824068643,72.52552945012451,0.003926730690905619,7.676176539753154,397.5677051520497,0.7652432007677012,2.625391850826264,65.23160502967175,0.10752890998243975,7.014283385245637,-7.014283385245638,0.08875553395089987,61.48247930737424,1.8296597129799717,4609.298948321092
77,0.009808926772837791,0.03457080111645142,0.009921531043846998,1.4054577181754788,0.05733558447312894,11.599181066812987,0.007618951955563356,2.5513893401975922,311.08153867451324,5.271098760683904,62.11661163266245,50.54763722989796,0.0016283141518589734,0.08230743304447635,-0.08230743304447637,6.764771498011253e-06,1.6152238715206337,0.06308417429358569,55480.876318219554
31,0.00412059288051498,0.09730675664659008,0.0036167294613221033,2.3653310630878024,0.07338441645380066,96.2331144788325,0.001344502189839444,1.322602731003362,462.38059968047924,6.874851366061534,5.450754869044191,211.9038842810601,0.03293187985442114,6.978393257829032,-6.978393257829032,0.0014343741826296332,56.220559394033806,0.5136119003549167,16295.361372754936
71,0.005735186524926893,0.012294761407056536,0.008498567486030482,2.0263300150845636,0.09599954936918037,84.12147484456311,0.009733648393447727,1.1597216551029086,451.21473822939595,1.1879099127119106,198.89512755115084,565.403193443332,0.0944502747077179,53.40248694134368,-53.402486941343675,0.010345708020843706,974.4666857098964,3.3990892705461344,1188216.0566342508
57,0.003501694481166177,0.08992393348759394,0.007729677507605336,1.1229721369846426,0.020603776423033435,92.89536348745979,0.0015800354611473963,4.998170662759931,463.9514024837001,4.645631499336879,11.004236392674436,107.21919456578497,0.007094148316031287,0.7606288685750944,-0.7606288685750944,0.0002515426367031236,11.237037769615243,0.20599947502349789,58271.68349383556
72,0.007909840499422695,0.0737747954423299,0.00723322242420046,2.277230990094522,0.042068348352875456,31.66263839632502,0.007025405579233572,5.664446643119192,442.9670212055457,11.624357710175858,32.150918421369504,94.58059227978913,0.0015807810690780357,0.14951120977807886,-0.14951120977807886,1.415470891979562e-05,2.747316310212554,0.057293268799776975,73296.88900160718
66,0.004172586898975586,0.03499963062683595,0.006370806732821106,1.8945485852389325,0.03396555895832368,71.96166371169652,0.0035205906479522926,2.2659547673294536,470.08103392546445,3.0293772580713614,45.52087984802885,158.90156902864808,0.012087831155407281,1.9207753367475928,-1.920775336747593,0.0003310914809847419,32.53947235106262,0.403419238232281,216212.7678022882
19,0.0036567870288948486,0.09053768729602799,0.003143023559430739,1.4266880335130512,0.08266766744801034,97.9085759757594,0.0019506782769863145,5.5529129386837015,359.46502165846397,4.004761125688414,1.8820486908601866,146.24022353231837,0.09913693138990062,14.497807006767177,-14.497807006767177,0.054574756711462745,77.70157618973336,1.0105313831522231,3556.704886077792
9,0.004055039212129293,0.012387029733907817,0.005419062351022498,1.0292390593794463,0.024720291529098114,21.437838983469355,0.003969458261058166,7.20674140547335,354.5270911723687,0.1708134590686777,8.104864008609841,4.6763745539743695,0.06060679771870716,0.28342008664963403,-0.28342008664963403,0.02647168671620568,3.6993857236612073,1.5512525544376274,1568.5345318582501
72,0.003088125671682414,0.06630729556095356,0.0028182929835604493,1.651067776620788,0.0889155613531156,77.20193058979326,0.009716461983347129,2.573049272380288,308.43020014378214,10.472148099996181,10.105369966983659,487.39950837567227,0.009073150866438577,4.422249271720467,-4.422249271720467,0.00021181873368215793,80.99320795527223,0.3277480861800569,56188.97741070083
16,0.0077746757969194506,0.03965884397308743,0.0001860301918546796,0.8898020076535111,0.07963393651325776,31.827812898217086,0.0012361968905137898,0.2006329328029411,494.2960064182337,53.03944919616162,0.13356317763274456,38.0192095563938,0.0029859554881899947,0.11352366743155956,-0.11352366743155955,1.7888292201684317e-06,0.4844745275065714,0.023893291409556046,69.89316415573293
91,0.009269508008745517,0.09704090176231168,0.0003469527738086358,1.9824633318203713,0.08954367739490489,55.901818095912255,0.00042762767226235747,8.327559159084691,361.2045614762817,471.85974129182705,1.2900070731137205,450.50986348268174,0.0001165526958274235,0.05250813908575109,-0.05250813908575109,1.1312598475680308e-07,1.2080646971923856,0.005304176143174311,6562.693161628181
82,0.0033205720210740643,0.02517187643335854,0.001528432356230018,2.3738557597171326,0.0972250979091725,32.722587874553454,0.007981559376082125,8.452413889686943,345.48477771436455,8.976611826160532,23.638983995967884,257.7341194573124,0.004273081304582184,1.101318847405993,-1.1013188474059927,0.00015433451716267288,23.114977722772384,0.17720810878071186,63441.11884443021
80,0.009533419656629741,0.09113346876820792,0.005186221354078414,1.8185357328559766,0.061609954405704444,68.41284341806495,0.008217957515318825,3.839038107156407,313.6506466386233,26.811967144918015,16.55827037573698,332.9855912953896,0.0019615223409363684,0.6531586765358135,-0.6531586765358134,1.4770967442984909e-05,13.251906846013215,0.07860132270359135,90626.89690964273
61,0.00023808911974081197,0.039694208578409225,0.0023043135343278503,1.9499881880864272,0.051257119100116454,71.88303641396757,0.0049093692766707785,9.388613310156513,385.96468523332004,0.5052721032063652,13.810399270078674,221.93133316066698,0.0916313844571348,20.33587531192954,-20.335875311929545,0.0788297136199623,409.73752208319917,3.6460724185715625,60667.18986882732
21,0.005381310249334197,0.09003099895579003,0.0037579479642584216,0.8289768233875443,0.05365274800547692,13.835433975371274,0.009613227186728687,8.285286349150468,461.72162602593954,5.424365950202736,1.4532835988040997,14.896511621252149,0.006074692725271388,0.09049173077754112,-0.09049173077754111,0.00030574273961340434,0.5333101337594887,0.06842357792980992,425.40110201211144
29,0.0031153621036914864,0.05612064928831785,0.0006455620455805642,1.9964479365479537,0.09059616407843596,59.431353321939845,0.006314397535175306,3.2420001030240253,363.9185182762566,15.714326389579842,1.331990982804152,150.79710731051438,0.011731485034796244,1.7690740077038625,-1.7690740077038627,0.0004461891508953475,13.374978609591432,0.1713166859168795,2306.884111469766
34,0.008840313980633532,0.05595660162425621,0.009120851898619605,1.4947136786652455,0.028781499655531416,67.88788985952769,0.005950878252143107,6.02210595262592,456.07399983180517,3.6939646135844018,16.567271697688472,64.56860520999113,0.014845473771409528,0.95855153510142,-0.95855153510142,0.0013272004376956126,8.784916798182577,0.2644740113943307,38246.99366050388
26,0.0025811649299194656,0.04481444382105994,0.008861023739862849,0.6747653796740003,0.04378153886446046,61.33810695312338,0.008346139800195725,4.10080338691375,454.77769119318566,0.6871639215050592,6.937803975525237,67.638241605416,0.12225013542485173,8.268784196160947,-8.268784196160947,0.06128689870095674,68.21749831850163,1.9540291838654338,11127.499073918694
30,0.006806377111772248,0.05770800423633008,0.008983043024825691,1.2728948125760353,0.06770196385475749,34.63097940363997,0.00011105022834327444,1.2569847705432986,487.3034288822525,2.623603589102171,11.88861304641971,68.02982909124823,0.029320110115466837,1.9946420800917872,-1.9946420800917875,0.0010805906611895196,15.714303199480629,0.4468253751403103,12380.414918657021
85,0.00812319850347292,0.09502367328068283,0.0033886897875070703,1.958896228171976,0.07444293836989996,29.874185569938838,0.002047328474294786,4.1835667343514285,351.36260735203734,38.72567077248376,11.875730966634077,186.81228394808213,0.0006747611817401668,0.1260536774803875,-0.12605367748038748,1.9047890305731075e-06,2.7139331648751575,0.028713797732512137,30157.61165430587
65,0.004378265694255685,0.09035760222705551,0.007157975844193576,1.6564206982838732,0.015073494590711719,23.82242612151044,0.0029427015850661486,8.452217614107717,417.00917717607314,7.1878295781855055,17.058448619793534,22.987962289660544,0.0007549223195574214,0.017354125813609067,-0.01735412581360907,4.816983972756953e-06,0.2915113510155384,0.024978834526768585,26414.594389575668
66,0.007546131757780545,0.07094029598498963,0.004326739762943368,1.1127653023949617,0.09803383620950881,78.38859168433963,0.004522693839071007,5.278777654899346,485.8884747082017,16.336190455118043,8.958706013664548,499.5451741724962,0.0070927235363776545,3.5431358143371385,-3.5431358143371385,0.00026555802724172547,59.64731178733022,0.23520582656616337,46371.45401728442
88,0.00831306225448442,0.06751246460424232,0.0030867554140050625,2.477498006185355,0.039830672976082775,81.34465276991789,0.0013255773361092501,6.123176189838863,346.969126565381,32.001728357734905,19.936285179856952,281.8880963599436,0.001148014261880924,0.32361155487567944,-0.3236115548756794,8.06995889964912e-06,7.216764845038782,0.05062245742812334,142711.89151668712
38,0.0038524343438278,0.059352520399772596,0.0007970672282326819,1.6480636792566372,0.028545718367940093,59.53039586157334,0.008611273057719882,3.6627528324388785,326.96640063786896,21.810446389367048,1.682067299493516,62.882979784169834,0.0020413455242260037,0.12836588933240933,-0.12836588933240936,1.5263026375148416e-05,1.2578201434351313,0.03895697236680388,3805.819306367102
37,0.001055841137291835,0.03454148060777056,0.0042762607264154725,2.389898384471519,0.03764556556740641,57.90930602944857,0.007184659843382234,1.8404498897469672,376.08993509234296,0.638297580486674,21.894467267022108,78.63863418051702,0.08563417346437185,6.7341544404156775,-6.734154440415676,0.013496408600204467,68.87203377500099,1.7076898328773495,46956.82889658361
75,0.0026357818164056517,0.023344177793286507,0.003944364075209177,1.6195484625894736,0.09862952252226154,42.49958301590132,0.007732867220207162,5.743386503886458,482.0819103356493,2.347659843023859,41.04720776930924,310.3192156340303,0.023054463629952154,7.154243070510031,-7.154243070510031,0.0030526575582407013,140.32960410895956,0.8927429569299329,130918.85794281332
90,0.005960158066065652,0.08706726791501919,0.0016878960094349844,1.6293330711866265,0.07017194410127071,16.826508278270325,0.0010020922914429234,5.562599957317538,449.90736422856173,55.34104776192255,5.685558693360026,105.08796027788996,0.00023680063469460802,0.0248848956925661,-0.0248848956925661,3.1192023710237586e-07,0.5668265252510485,0.010667929557477309,8610.801738471118
36,0.004817124285443324,0.06715511190839346,0.003567051883543609,0.6023408755833233,0.0320750147845373,98.56272712938002,0.005064476117803684,9.56568345540063,307.495534433794,6.5347159176840774,2.303589983671377,110.7725580821249,0.012913404141956752,1.4304508103528568,-1.4304508103528566,0.0015951351727862355,13.764959898493503,0.24189275935652224,8178.297481736287
18,0.004930552232973052,0.0369679144822774,0.0010466368376197738,0.7081575327313698,0.028098641609958286,88.28632640922407,0.0012852819467215697,0.19264989759544304,454.6524121280805,6.270700004330096,0.7217776754541223,42.176566227438094,0.021940656792155972,0.9253815642678557,-0.9253815642678558,9.274020050699528e-05,4.416253880486817,0.19780294409871077,1152.033921613299
76,0.004639294067142842,0.051419773575224856,0.00872391507995045,1.7288761262127994,0.01674056492611363,28.494921385885203,0.002813001659450373,8.991732707920725,390.3662704484767,4.159183179597271,44.58499627558437,35.78977515485446,0.0014673523907365274,0.05251621213739845,-0.05251621213739847,1.93603068503591e-05,1.0394909157579892,0.057345524460779396,96554.62168314481
61,0.005293466945472995,0.0122074657510843,0.006709173724344144,1.9632674265738357,0.04268925807558019,48.23673752302771,0.009213421074960102,9.265885998566914,433.2640798277381,1.1842638713621731,131.63846658257594,123.78552821516308,0.025264287141684695,3.1273531288129925,-3.1273531288129925,0.005914268676154204,54.602739293086366,0.8693968407885376,387366.9008895801
29,0.004475951646169215,0.06022585908316099,0.002007907970061545,0.9880648559116905,0.08413778442367217,68.72629117862084,0.0077490143830106105,2.4821760203744594,442.09663397509024,7.794433540379531,1.9106196756817218,161.9721892607805,0.025303951192784717,4.098536371643279,-4.098536371643279,0.0015893123499657264,31.101505152642776,0.37093637667630686,3835.2076796594297
84,0.008541085745445166,0.04250363653938852,0.009189110314971926,2.427951451735348,0.03478827373327224,59.738128289665276,0.007743362529880906,0.5522031121678437,410.5968668806594,6.644791804774002,88.18539333838935,172.4915217840055,0.0037195840820498996,0.6415967187163504,-0.6415967187163504,7.639898889320654e-06,13.64919053662966,0.15637708601803904,442519.00769437535
46,0.004391045847246624,0.05524385866921253,0.005838840836353539,1.9824761482606865,0.04316418649619337,32.60801048722507,0.007555553982699472,8.503711852933304,439.33565236419537,3.8297534380249383,19.27695481954331,63.402232925837794,0.007621596267620089,0.4832262218263448,-0.48322622182634484,0.0004939698189877088,5.94870935176716,0.1837583370205525,28921.46805112363
23,0.008286016645978351,0.023826478363485545,0.004613394532803635,0.976022554980958,0.07852930240471524,39.16470890830608,0.004105968871268909,1.772862938686179,427.06277972830776,1.9726398470881887,8.69317505995209,67.77835887925855,0.06523851831319347,4.421759706982708,-4.421759706982708,0.007545418611964873,27.572321139840962,0.7795587405356506,7880.9355856065295
45,0.005142486447145049,0.048295687368772836,0.0064592823186982624,1.788840562744799,0.07263521729336693,80.93481511040676,0.0009608579257688034,4.029153337961483,436.26713472239067,3.4614680001429012,21.53228199593009,258.8118156334233,0.03678907370944215,9.521446962212561,-9.521446962212561,0.005453200953091346,112.32008913111318,0.8491654237306511,78474.36173179759
59,0.0009551321056693483,0.09155546565354462,0.0026148497872995366,1.1795127590458396,0.04711901944913779,24.620565760284954,0.00931568266054219,4.5866624520963395,320.78029123195074,3.955551020596027,3.9750914102271944,67.30798157594957,0.004875090665559017,0.32813251269853,-0.32813251269853005,0.00010900895443587916,5.018495914163044,0.14664163233733715,5778.615685750224
